study_hours,attendance,previous_marks,assignment_score,internal_score,sleep_hours,participation,performance
5.6,77.1,58.2,88.7,71.8,6.7,6.5,PASS
2.9,67.1,55.0,80.3,81.4,6.6,5.9,FAIL
6.5,71.8,71.5,99.5,72.1,6.1,7.7,PASS
6.9,87.5,68.8,46.8,100.0,7.6,7.2,PASS
1.1,78.0,43.9,66.0,89.4,7.3,0.0,FAIL
2.4,83.1,81.8,63.1,63.4,4.9,7.1,PASS
5.3,88.1,63.6,40.4,63.2,4.9,4.0,FAIL
4.4,72.4,48.3,85.9,75.0,7.6,3.2,FAIL
5.0,89.3,82.8,65.9,55.4,5.9,5.6,PASS
3.3,83.7,74.4,81.1,85.5,7.4,6.8,PASS
6.8,59.5,46.0,100.0,73.4,8.0,2.7,FAIL
6.6,99.6,91.7,64.7,71.8,5.3,7.4,PASS
5.1,70.5,74.9,63.7,78.3,5.2,7.5,PASS
7.3,53.2,64.8,71.8,93.8,9.2,6.1,PASS
5.9,62.3,88.9,84.8,70.6,7.5,4.3,PASS
3.3,62.7,67.4,61.5,66.3,6.5,4.0,FAIL
5.7,78.8,64.6,60.5,90.6,5.8,8.1,PASS
3.1,73.9,55.1,85.9,82.5,6.3,3.0,FAIL
6.8,72.9,73.7,75.7,63.2,5.5,8.1,PASS
4.9,87.3,72.1,39.3,68.1,8.1,5.7,PASS
4.6,83.1,65.2,51.6,70.9,6.0,5.8,FAIL
3.6,82.7,53.2,92.5,73.4,8.4,2.6,PASS
7.4,84.1,66.9,76.0,47.7,6.5,5.7,PASS
4.7,87.2,64.0,58.6,44.9,5.6,7.2,FAIL
4.1,46.4,45.0,67.4,54.7,6.4,3.3,FAIL
4.3,72.5,42.9,70.2,53.5,3.6,7.0,FAIL
6.1,45.3,73.5,81.0,58.3,6.8,6.2,PASS
5.7,78.5,26.0,49.6,77.5,6.8,4.7,FAIL
5.8,77.9,68.1,57.4,65.5,8.1,7.7,PASS
5.9,93.7,57.8,74.1,70.9,4.5,1.6,PASS
9.3,95.8,84.6,68.5,49.6,8.5,6.7,PASS
4.2,81.0,57.6,78.6,61.1,8.1,9.2,PASS
4.0,70.5,74.9,51.6,76.8,8.6,8.9,PASS
3.4,85.3,59.0,75.4,76.9,6.9,6.8,PASS
6.2,70.1,66.7,86.4,57.1,8.3,5.4,PASS
7.3,78.0,76.1,77.3,70.4,5.1,4.7,PASS
4.8,92.8,58.1,72.1,100.0,7.9,5.4,PASS
3.3,69.6,79.9,68.6,67.7,6.0,7.1,FAIL
3.4,90.1,50.1,57.5,57.6,4.9,4.4,FAIL
6.3,88.2,69.4,68.9,65.4,5.5,7.5,PASS
6.5,63.7,78.8,88.9,69.4,7.0,10.0,PASS
6.1,92.6,74.9,68.2,65.7,5.9,5.9,PASS
3.7,88.5,93.7,56.7,67.5,7.5,3.3,FAIL
5.5,79.5,53.5,62.6,46.3,4.6,3.3,FAIL
5.2,66.6,44.3,73.0,53.6,4.2,7.6,FAIL
5.4,65.1,50.1,64.4,65.8,8.8,5.9,FAIL
6.7,69.9,74.9,77.3,65.5,8.2,7.8,PASS
5.4,86.1,72.5,77.8,59.5,5.6,4.9,PASS
6.4,63.7,66.5,83.3,65.3,7.0,7.7,PASS
5.1,84.6,48.2,91.4,68.9,8.3,5.7,PASS
5.6,59.4,76.5,84.9,81.3,7.5,4.5,PASS
6.3,74.9,46.6,56.0,66.5,7.2,5.2,PASS
2.1,79.6,82.4,56.4,74.0,8.4,3.6,FAIL
4.4,100.0,100.0,68.9,59.9,6.1,10.0,PASS
4.1,57.3,70.5,63.2,76.6,7.0,5.8,PASS
3.7,100.0,73.7,52.9,73.6,7.0,7.3,PASS
4.4,80.2,57.6,63.4,81.0,6.6,4.9,PASS
8.0,84.2,37.8,62.9,78.7,6.5,3.9,PASS
3.3,79.8,56.0,59.9,76.8,7.1,5.5,PASS
6.9,84.7,48.6,65.3,66.5,7.0,8.2,PASS
1.6,75.7,43.3,87.7,71.7,5.6,5.0,FAIL
4.3,99.8,90.8,73.0,84.0,8.0,4.3,PASS
5.3,71.2,69.1,100.0,58.2,5.7,6.3,PASS
6.2,95.0,70.7,72.6,58.6,6.7,7.0,PASS
6.4,68.3,60.4,65.6,70.7,6.6,9.3,PASS
6.6,77.1,62.4,70.1,74.2,7.5,6.7,PASS
4.3,61.9,79.5,73.8,55.6,4.2,7.3,FAIL
4.1,84.8,64.5,76.5,66.9,8.2,7.4,FAIL
6.7,99.7,73.0,100.0,66.6,6.1,3.7,PASS
4.6,76.8,62.1,57.3,34.8,8.6,4.1,FAIL
2.4,75.0,59.9,82.9,64.7,6.4,3.8,FAIL
2.7,61.3,43.9,73.1,65.6,6.9,3.3,FAIL
3.2,74.6,35.3,46.4,65.6,9.5,7.6,FAIL
6.0,54.1,61.1,81.6,89.2,6.6,6.6,PASS
5.3,64.3,65.8,89.0,49.8,8.6,6.2,PASS
6.4,81.4,45.7,57.1,55.6,7.1,0.8,FAIL
4.1,97.8,64.5,69.9,28.8,7.5,10.0,PASS
5.3,100.0,65.8,44.1,60.8,7.1,4.2,PASS
6.3,69.2,32.7,51.1,62.1,8.1,10.0,FAIL
4.4,99.5,51.3,85.7,60.4,6.1,3.1,PASS
5.9,81.7,71.1,63.0,84.6,5.7,4.4,PASS
3.7,75.7,70.8,53.4,80.9,6.2,1.6,FAIL
4.3,84.5,47.7,73.4,69.2,7.1,6.7,FAIL
4.2,78.9,67.4,62.2,62.4,6.7,3.8,PASS
2.6,79.7,80.3,62.9,83.4,7.9,3.9,PASS
6.0,71.9,76.7,81.1,67.7,8.7,3.3,PASS
4.1,57.0,63.6,52.6,55.7,5.7,7.6,FAIL
5.0,54.8,58.0,56.4,42.3,6.0,7.4,FAIL
6.0,87.8,55.6,72.3,61.4,5.1,9.6,PASS
5.9,73.8,72.0,84.5,79.3,9.6,4.6,PASS
6.3,69.1,67.9,88.6,100.0,7.4,6.4,PASS
4.8,78.1,74.4,60.0,68.9,7.6,3.4,FAIL
4.2,89.9,67.0,84.1,56.5,5.3,5.3,PASS
4.8,80.7,77.3,58.2,50.2,7.0,5.0,FAIL
1.6,68.2,66.4,97.4,76.3,7.7,6.9,PASS
2.1,96.4,76.8,53.0,41.5,6.7,8.0,PASS
2.4,100.0,78.1,89.9,76.3,8.4,8.0,PASS
3.0,85.4,52.9,60.2,80.3,10.0,4.3,FAIL
5.8,92.6,37.9,100.0,74.5,5.8,8.0,PASS
3.2,96.6,88.2,78.9,64.7,5.7,5.9,PASS
4.2,95.0,68.8,54.8,76.5,5.9,5.4,PASS
7.6,87.2,39.3,62.2,70.6,9.1,4.6,FAIL
4.3,87.0,54.3,81.7,56.3,8.4,4.9,PASS
6.5,85.8,76.6,85.8,95.8,6.8,9.5,PASS
3.1,61.5,60.8,68.9,62.7,7.0,6.6,FAIL
4.6,88.5,57.3,70.7,79.6,5.9,6.3,PASS
3.1,57.7,86.0,81.4,31.7,8.2,5.5,FAIL
4.3,66.1,49.3,72.0,87.1,6.5,10.0,PASS
6.7,97.6,53.0,50.6,90.0,6.7,8.6,PASS
1.5,90.6,68.2,57.8,68.4,7.8,4.6,FAIL
5.9,100.0,70.9,73.5,76.4,6.8,5.5,PASS
5.5,73.9,72.4,88.2,76.4,6.7,5.6,PASS
3.8,60.7,78.7,94.2,58.4,7.0,6.3,PASS
2.1,74.4,68.0,81.7,76.2,8.0,4.6,FAIL
5.1,79.5,72.3,74.3,55.9,9.1,6.9,FAIL
3.9,79.2,61.1,81.2,58.9,7.8,8.9,PASS
5.5,95.0,65.9,60.0,84.9,8.0,3.4,PASS
5.0,72.6,66.6,67.7,82.6,6.7,3.7,FAIL
8.2,83.3,68.2,57.6,57.4,6.1,5.0,PASS
4.5,63.2,76.6,51.3,57.0,7.9,5.1,FAIL
3.0,84.8,73.3,75.0,58.3,7.2,10.0,PASS
5.4,78.0,65.7,72.8,79.0,5.2,8.0,PASS
5.4,66.8,52.9,80.3,53.0,6.6,7.9,FAIL
7.7,74.5,66.0,78.2,73.4,6.9,5.5,PASS
6.7,75.2,64.6,73.6,79.2,6.3,5.4,PASS
5.7,73.9,67.9,78.3,66.7,8.9,3.1,PASS
7.9,100.0,98.1,69.4,83.2,7.6,7.6,PASS
2.6,76.5,57.1,76.2,63.4,8.8,7.0,FAIL
3.7,74.3,71.3,59.1,64.8,7.3,8.6,FAIL
3.1,46.5,81.0,75.5,53.3,7.1,5.6,FAIL
4.2,64.6,66.5,80.0,83.3,5.8,5.7,PASS
2.2,74.1,100.0,60.0,56.5,7.0,6.3,PASS
6.3,67.7,59.3,70.8,73.2,7.0,7.8,PASS
4.6,98.7,69.9,60.6,66.9,5.2,3.1,PASS
2.1,75.5,53.0,62.1,52.2,6.3,7.5,FAIL
3.0,97.3,59.7,53.1,58.9,6.6,6.0,PASS
5.6,78.9,68.7,89.0,88.7,7.5,3.9,PASS
6.7,78.6,77.7,86.0,71.0,7.6,1.8,PASS
9.0,76.7,69.8,78.1,52.9,6.2,5.7,PASS
10.8,78.1,83.9,99.6,72.6,7.6,8.9,PASS
5.8,100.0,63.6,67.2,65.8,6.8,9.3,PASS
3.0,43.2,60.0,100.0,100.0,3.3,6.7,FAIL
0.7,48.0,100.0,66.6,72.3,6.4,9.9,FAIL
5.5,69.9,70.9,73.8,62.3,8.4,5.9,PASS
3.4,78.2,54.2,64.0,89.3,4.8,7.9,FAIL
4.2,88.4,54.6,75.6,40.4,7.1,5.1,FAIL
3.8,85.1,50.9,82.5,69.4,9.1,5.0,PASS
4.7,72.2,79.0,68.3,97.9,6.0,4.6,PASS
7.1,93.3,59.5,96.7,66.3,7.0,1.9,PASS
5.3,93.5,66.9,73.6,42.0,5.3,8.6,PASS
4.7,80.8,64.0,74.1,62.1,9.1,4.7,FAIL
2.9,92.4,76.0,56.4,89.8,6.9,4.4,PASS
1.7,82.1,52.3,76.3,73.6,7.1,3.6,FAIL
4.0,69.6,48.9,68.0,55.4,8.8,5.6,FAIL
4.9,88.5,68.4,60.9,57.7,7.9,9.5,PASS
8.5,79.7,74.0,58.4,59.6,5.9,10.0,PASS
5.3,78.0,70.0,100.0,73.4,6.2,2.7,PASS
7.0,100.0,52.9,66.0,88.1,7.6,5.3,PASS
4.0,41.2,75.2,48.1,83.8,6.2,3.9,FAIL
2.6,56.7,53.8,59.5,74.8,4.2,8.0,FAIL
3.1,60.2,57.2,69.2,48.0,6.9,6.6,FAIL
3.5,72.6,50.8,78.2,48.1,5.1,4.7,FAIL
9.3,74.2,84.5,78.3,76.0,9.1,6.1,PASS
3.4,55.4,74.5,80.1,47.8,7.2,5.0,FAIL
6.7,63.2,74.1,60.3,64.6,5.8,9.2,PASS
3.2,65.1,83.7,75.1,72.6,6.1,7.1,PASS
6.9,100.0,100.0,56.9,50.9,4.5,7.3,PASS
5.8,100.0,39.4,60.7,52.6,5.6,0.7,FAIL
4.7,71.8,53.9,56.2,66.6,8.3,5.9,FAIL
4.9,72.5,55.8,52.2,75.6,9.9,10.0,PASS
3.7,60.8,52.2,86.0,83.9,7.9,8.7,FAIL
5.9,49.4,48.8,80.3,77.1,6.9,2.3,FAIL
4.1,76.2,60.5,84.6,69.1,6.4,5.4,PASS
2.5,63.0,46.8,70.6,56.8,5.8,3.6,FAIL
2.4,76.7,70.0,81.7,51.9,9.7,9.4,PASS
5.3,54.0,65.8,43.6,60.3,6.8,6.5,FAIL
8.2,66.6,72.2,82.9,74.1,9.8,4.5,PASS
5.3,80.2,72.6,72.7,73.0,8.8,6.1,PASS
4.8,83.5,74.0,79.4,36.5,4.7,0.8,FAIL
5.6,84.3,59.4,75.7,56.2,6.1,3.8,PASS
7.6,58.2,96.8,55.2,86.1,6.1,6.1,PASS
5.4,90.8,68.5,47.5,69.2,6.9,7.7,PASS
4.2,66.0,37.1,59.3,46.7,6.9,2.1,FAIL
7.2,87.5,50.0,78.5,100.0,10.9,5.2,PASS
5.9,77.8,38.9,80.4,67.6,5.6,8.0,PASS
8.1,57.4,65.3,49.5,73.8,7.3,3.1,PASS
5.4,73.3,63.2,55.3,74.0,7.8,6.5,FAIL
2.6,83.5,58.0,59.2,62.5,7.0,6.1,FAIL
2.3,87.2,95.2,64.6,57.1,7.1,9.4,PASS
8.3,75.9,73.2,49.6,99.8,5.6,5.5,PASS
8.4,100.0,75.9,48.7,83.0,7.1,5.7,PASS
4.6,93.1,51.0,57.7,80.3,7.7,7.7,PASS
4.2,74.2,50.0,71.3,76.6,7.4,3.3,PASS
7.9,89.3,65.6,52.3,53.0,7.7,5.6,PASS
2.8,100.0,67.6,68.3,87.2,8.8,5.1,PASS
3.2,100.0,37.2,85.9,55.4,8.2,5.7,PASS
6.3,59.6,62.3,50.5,72.2,7.1,7.7,FAIL
4.2,64.1,65.2,66.9,43.4,5.5,7.1,FAIL
5.0,100.0,61.8,85.4,37.4,6.2,4.5,PASS
4.7,62.1,52.8,63.7,72.8,6.7,6.3,FAIL
5.7,58.2,56.9,61.4,55.9,7.3,9.0,FAIL
7.8,70.7,62.3,87.5,38.2,6.4,4.3,PASS
5.2,84.3,66.4,65.4,76.1,5.8,6.3,PASS
6.3,76.5,74.1,86.6,99.8,5.5,5.6,PASS
0.9,68.2,81.2,76.4,88.8,4.9,5.9,FAIL
4.9,67.9,60.6,64.9,64.1,6.7,2.7,FAIL
3.3,67.3,58.2,77.2,68.1,5.1,8.8,FAIL
2.6,64.8,71.6,74.8,81.3,5.7,4.5,FAIL
3.2,100.0,74.2,85.3,84.8,6.5,8.1,PASS
4.3,82.5,58.5,61.8,62.8,5.3,4.8,FAIL
6.8,91.3,76.9,70.6,68.5,7.5,4.7,PASS
2.3,70.7,79.7,69.1,72.5,8.0,8.4,FAIL
5.1,75.2,84.4,80.6,76.3,6.3,8.0,PASS
4.0,67.3,91.7,54.6,66.0,6.4,6.4,FAIL
4.3,38.2,52.0,85.3,66.2,7.7,7.5,FAIL
7.0,57.3,65.2,77.0,88.7,6.1,5.4,PASS
6.1,50.8,65.2,50.2,86.1,6.0,6.0,FAIL
7.7,44.3,63.5,88.1,75.2,8.6,4.7,PASS
4.7,60.1,55.3,100.0,93.8,8.1,7.8,PASS
3.6,97.9,42.7,85.0,62.2,7.8,4.6,FAIL
4.6,77.3,66.4,91.4,92.3,8.2,9.0,PASS
5.5,97.4,53.5,71.3,76.1,4.4,5.4,PASS
5.4,84.2,66.3,45.1,100.0,8.8,6.0,PASS
2.8,89.7,53.1,42.3,50.1,7.5,7.5,FAIL
5.2,64.5,48.5,73.8,57.7,8.3,6.0,FAIL
5.5,85.9,68.5,61.1,74.3,7.5,5.4,PASS
10.0,88.9,67.3,56.3,74.0,7.1,5.9,PASS
8.8,69.4,73.7,69.1,97.3,6.6,7.8,PASS
3.3,86.4,97.8,79.2,58.0,7.5,4.7,PASS
4.4,86.5,69.2,48.2,81.6,6.6,5.7,PASS
2.1,69.8,72.3,63.3,85.4,8.1,6.0,FAIL
3.8,61.2,48.8,92.6,78.6,4.9,7.7,FAIL
5.6,60.2,45.7,53.9,53.6,6.3,5.8,FAIL
7.4,79.3,88.7,83.0,89.1,9.7,9.6,PASS
3.5,82.9,51.1,62.7,86.4,6.2,5.7,FAIL
3.7,66.1,49.3,78.2,77.0,6.7,5.5,FAIL
0.7,78.4,64.4,86.5,71.1,5.9,5.7,PASS
4.7,86.6,63.6,81.1,71.4,7.4,3.4,PASS
2.9,87.3,51.5,83.6,66.8,6.0,3.9,PASS
3.9,100.0,60.4,52.7,77.6,6.8,4.9,PASS
3.2,97.2,83.4,86.7,68.5,8.1,8.3,PASS
4.8,63.0,52.9,57.2,55.3,6.1,5.9,FAIL
1.5,100.0,44.1,73.9,52.3,8.0,5.0,FAIL
2.1,70.0,79.1,73.9,56.7,8.1,8.5,FAIL
9.3,93.7,72.4,77.3,71.3,8.4,9.1,PASS
2.4,79.0,55.7,75.1,67.6,7.2,8.5,FAIL
2.8,71.8,41.3,57.3,71.2,11.0,4.3,FAIL
8.7,50.9,53.8,49.8,75.5,8.4,5.0,FAIL
10.8,75.4,64.2,83.1,58.6,7.4,9.6,PASS
2.7,54.6,82.5,72.8,90.0,5.9,6.5,FAIL
4.3,92.5,49.5,87.2,64.0,6.9,5.5,PASS
5.7,100.0,63.7,69.3,61.5,8.9,7.4,PASS
8.5,66.0,75.1,48.9,75.2,9.2,8.0,PASS
3.0,82.5,29.3,84.5,40.5,8.9,4.9,FAIL
4.5,67.1,80.5,64.4,56.1,8.0,6.4,PASS
6.6,68.6,47.3,75.1,82.7,5.4,7.9,PASS
5.9,89.6,70.0,60.3,41.9,7.6,3.7,PASS
4.2,77.4,68.7,94.7,84.8,5.4,6.0,PASS
4.7,100.0,81.3,56.9,90.7,5.1,3.8,PASS
2.3,70.8,73.3,64.9,62.5,7.3,4.0,FAIL
4.5,93.0,29.3,71.6,72.4,7.7,4.9,FAIL
4.5,79.5,53.2,53.6,84.8,8.2,7.0,PASS
5.5,89.9,67.1,75.0,61.0,7.6,5.4,PASS
3.9,71.3,62.1,94.2,81.0,7.7,4.7,PASS
5.9,77.3,72.2,62.6,57.9,5.7,6.1,PASS
7.0,76.3,76.8,75.9,60.8,6.9,3.7,PASS
5.3,65.5,74.1,28.8,56.0,5.0,6.9,FAIL
5.7,87.9,61.8,69.4,73.1,4.4,8.3,PASS
5.1,87.8,37.3,65.3,85.4,8.0,5.8,PASS
5.0,86.9,58.2,57.7,65.2,6.0,5.6,PASS
3.6,100.0,71.2,86.2,48.9,8.1,6.7,PASS
5.6,99.7,48.6,65.1,51.8,8.4,1.9,PASS
4.8,72.4,74.5,67.3,73.9,6.2,7.1,FAIL
9.2,83.6,78.6,64.3,95.7,7.8,10.0,PASS
8.1,68.6,66.9,41.2,73.9,6.1,5.8,FAIL
5.8,78.4,19.0,53.0,62.2,4.6,5.8,FAIL
3.5,69.0,45.8,84.4,79.5,7.2,7.5,PASS
2.8,100.0,93.3,38.4,64.4,6.4,9.3,PASS
7.4,83.5,56.8,58.5,62.3,6.4,7.9,PASS
5.5,74.7,35.2,64.0,53.6,9.6,1.7,FAIL
6.0,95.9,83.5,96.2,89.1,5.0,7.1,PASS
1.5,45.4,65.2,81.5,29.9,7.5,10.0,FAIL
6.9,47.8,81.6,61.6,80.0,5.7,7.2,PASS
5.9,89.9,69.2,89.6,61.0,8.2,3.7,PASS
2.8,78.9,71.9,58.9,61.8,7.4,6.6,FAIL
4.1,81.8,70.4,85.1,93.4,7.5,3.4,PASS
5.5,58.1,75.5,49.6,57.3,5.8,8.5,FAIL
5.1,77.7,99.2,86.1,57.8,6.0,4.1,PASS
4.4,100.0,79.6,63.9,66.0,8.2,6.1,PASS
4.8,90.4,41.3,54.6,74.2,9.3,4.3,FAIL
4.5,80.5,71.7,66.7,61.4,7.6,4.9,PASS
5.3,71.4,82.1,74.2,44.4,5.8,9.0,PASS
7.9,72.1,83.0,62.6,55.0,7.4,6.2,PASS
0.0,46.1,58.6,78.3,87.2,10.2,4.9,FAIL
4.5,81.9,82.5,61.3,69.1,7.1,3.7,PASS
5.4,90.7,78.9,79.3,74.8,8.9,2.3,PASS
5.6,54.4,100.0,76.6,64.1,6.0,3.5,PASS
4.3,68.1,53.7,69.1,58.1,6.9,6.2,FAIL
1.5,60.6,57.4,63.4,93.2,7.8,8.0,FAIL
5.7,63.5,60.4,72.3,65.2,7.5,4.9,PASS
8.5,78.8,57.6,78.3,61.3,6.0,9.1,PASS
1.9,46.7,51.6,100.0,84.4,5.9,4.6,FAIL
6.7,87.2,23.6,84.1,57.2,8.3,5.5,FAIL
4.3,89.3,58.5,84.6,59.1,8.5,3.8,PASS
4.9,74.2,70.5,100.0,68.2,9.0,8.0,PASS
2.9,40.8,57.6,77.7,68.0,9.3,10.0,FAIL
4.3,63.1,94.0,77.3,71.9,7.2,2.5,PASS
7.6,96.5,65.2,80.6,99.4,6.6,5.3,PASS
6.2,36.3,84.4,54.9,73.0,8.8,8.5,FAIL
8.5,72.8,68.9,63.3,32.3,7.9,3.1,PASS
7.4,60.3,77.4,62.4,72.9,5.7,7.1,PASS
5.9,90.1,69.2,79.7,68.6,5.7,8.4,PASS
8.5,67.9,85.5,67.4,68.7,7.6,6.2,PASS
5.9,84.1,65.8,72.1,71.7,6.8,7.1,PASS
6.7,86.5,72.4,86.3,67.6,7.0,9.5,PASS
4.4,100.0,70.5,82.9,67.2,8.4,9.9,PASS
5.1,75.0,60.7,67.6,77.2,8.0,5.9,FAIL
3.6,83.6,71.1,60.0,59.9,8.7,4.9,FAIL
7.0,55.7,98.5,87.0,53.8,4.5,4.2,PASS
2.6,95.9,60.9,81.6,100.0,7.3,8.0,PASS
6.6,66.6,71.3,45.9,57.3,7.9,3.3,FAIL
4.6,69.6,83.9,65.3,69.5,5.0,5.5,FAIL
7.3,77.7,82.1,72.5,45.6,6.1,6.2,PASS
6.5,54.6,65.2,81.7,69.7,5.9,5.0,PASS
8.6,81.4,29.2,83.7,54.0,7.0,6.6,PASS
6.5,92.5,72.8,74.3,61.4,9.1,10.0,PASS
1.9,82.4,31.7,78.8,83.7,9.6,5.8,FAIL
4.9,54.2,87.0,71.0,75.1,5.9,5.1,PASS
2.7,76.1,67.5,59.9,76.5,7.7,8.0,FAIL
4.0,89.1,80.0,66.1,41.4,7.7,6.5,PASS
8.0,49.8,51.5,70.3,95.6,7.5,8.9,PASS
6.3,61.9,41.7,69.5,50.1,7.5,6.3,PASS
3.6,91.1,68.9,41.7,90.9,7.4,5.5,PASS
3.0,82.1,64.5,64.0,83.3,9.2,2.4,PASS
5.1,84.2,57.6,70.8,76.7,8.4,2.8,PASS
2.6,100.0,66.3,65.8,55.2,5.6,2.3,PASS
3.7,85.0,100.0,66.3,70.3,8.0,6.8,PASS
5.6,87.9,77.5,77.3,60.9,8.2,3.3,PASS
7.3,100.0,80.7,53.8,68.4,7.4,8.5,PASS
6.2,74.8,77.7,45.6,64.3,8.5,6.1,FAIL
0.4,66.0,87.2,64.8,37.4,7.2,5.5,FAIL
5.6,84.4,62.1,81.5,84.8,7.3,4.3,PASS
5.1,84.6,34.2,95.3,66.8,7.2,7.2,PASS
5.8,70.1,62.2,81.7,60.7,4.4,4.4,FAIL
8.2,62.5,77.2,48.0,59.6,6.9,4.0,PASS
0.9,100.0,50.5,66.5,73.4,6.1,8.4,FAIL
3.8,82.9,62.4,73.8,54.6,5.5,6.7,PASS
6.2,67.0,54.6,72.7,34.2,8.9,5.5,FAIL
1.8,91.7,87.5,78.1,74.1,7.7,7.3,PASS
8.0,76.4,76.2,56.2,75.8,7.0,6.0,PASS
5.7,74.2,74.8,71.0,65.0,6.3,6.8,PASS
6.7,86.4,74.3,76.3,50.8,7.4,4.4,PASS
3.9,58.6,64.4,82.4,69.3,8.3,10.0,FAIL
6.6,83.3,68.0,57.9,46.0,5.9,4.8,PASS
7.1,100.0,47.2,64.8,52.6,7.0,9.1,PASS
5.5,85.0,32.2,29.4,56.7,8.1,5.6,FAIL
5.5,72.4,67.3,60.7,80.7,4.5,7.6,PASS
5.5,70.4,69.9,62.1,62.6,6.9,7.5,PASS
3.3,71.8,83.1,54.7,61.3,6.4,8.3,FAIL
4.7,74.2,88.6,72.5,97.3,6.8,4.3,PASS
4.7,72.3,88.5,69.2,73.3,6.3,8.2,PASS
5.8,91.7,50.0,36.1,73.1,7.2,9.7,PASS
7.0,52.0,59.7,73.2,62.5,9.5,5.5,FAIL
2.9,90.9,72.2,56.1,59.1,6.6,6.1,PASS
4.7,72.3,100.0,77.3,35.2,7.4,5.0,PASS
8.0,83.7,87.2,50.8,82.5,9.6,5.3,PASS
3.5,61.1,81.8,70.5,74.7,6.3,9.4,PASS
3.4,97.9,59.2,65.8,65.3,9.4,4.0,PASS
5.4,96.7,51.8,74.5,65.9,7.0,4.1,PASS
6.7,92.4,76.8,71.9,79.0,9.3,9.2,PASS
5.0,55.3,48.5,66.2,44.7,8.0,7.2,FAIL
7.7,90.4,61.4,47.0,59.2,7.4,10.0,PASS
6.7,84.1,63.3,47.8,51.0,6.9,5.1,FAIL
6.7,53.9,88.9,61.2,94.6,6.2,6.3,PASS
6.1,77.6,59.7,69.9,81.1,7.1,4.7,PASS
9.7,83.5,28.4,60.9,35.0,8.2,6.3,FAIL
4.6,86.3,72.6,79.4,45.3,7.0,2.5,FAIL
1.0,80.7,54.5,65.8,66.0,6.6,7.4,FAIL
8.2,82.4,65.6,55.5,60.9,6.7,6.6,PASS
4.1,100.0,63.7,65.8,48.1,8.3,5.9,PASS
5.2,96.4,60.9,73.4,97.2,8.6,5.2,PASS
7.6,35.0,76.9,74.9,72.7,6.1,4.2,FAIL
1.8,73.2,42.0,98.2,75.1,6.1,7.5,FAIL
2.5,75.5,57.2,60.0,57.6,7.5,3.7,FAIL
1.8,51.7,75.3,68.9,78.8,9.0,7.0,FAIL
3.4,79.4,55.8,76.4,62.3,8.5,10.0,FAIL
5.9,96.7,40.9,69.6,63.7,5.4,9.0,PASS
6.0,61.7,75.0,62.5,77.2,6.7,3.0,PASS
5.6,83.0,81.8,46.8,43.6,5.8,4.9,FAIL
2.2,64.3,64.3,62.3,92.0,6.7,6.8,FAIL
0.4,67.9,35.6,53.9,70.7,9.1,5.9,FAIL
5.1,100.0,75.6,44.1,87.2,5.2,3.2,PASS
4.1,69.9,40.1,58.1,51.9,4.9,6.8,FAIL
5.9,84.9,69.6,54.3,54.2,5.9,6.0,PASS
6.4,49.9,51.7,78.8,50.6,7.4,9.8,FAIL
5.3,100.0,47.6,79.0,71.8,7.8,5.5,PASS
6.5,87.0,58.4,56.4,69.0,7.6,8.3,PASS
5.5,75.3,62.3,66.1,61.0,8.5,3.5,PASS
6.1,86.6,55.3,42.1,52.8,4.7,3.9,FAIL
3.6,56.9,73.8,62.6,49.0,8.5,7.4,FAIL
4.6,95.7,58.3,76.0,67.3,6.6,8.2,PASS
5.4,73.1,79.7,82.4,61.0,8.0,4.1,PASS
6.6,74.9,69.2,59.3,57.7,5.3,6.0,FAIL
4.2,70.6,54.5,85.8,91.2,7.0,3.2,FAIL
6.0,69.3,52.0,47.3,66.8,7.3,5.6,PASS
4.5,88.4,40.3,51.3,87.1,8.5,7.7,FAIL
4.8,81.8,69.4,80.6,60.0,4.9,5.1,FAIL
6.7,87.8,59.7,95.1,71.7,7.0,5.5,PASS
1.0,77.9,29.4,77.4,67.2,5.6,3.7,FAIL
2.4,85.7,57.0,69.4,42.5,7.7,4.7,FAIL
2.0,71.7,51.5,37.1,89.4,8.0,9.5,FAIL
0.3,100.0,88.6,39.7,66.0,8.7,6.1,FAIL
3.6,54.5,39.5,71.9,79.2,6.3,4.0,FAIL
6.5,96.9,43.4,64.6,56.7,8.2,5.4,PASS
4.4,98.5,81.6,53.4,65.5,8.8,2.8,FAIL
5.4,65.2,85.4,71.0,55.0,4.9,4.0,FAIL
7.2,100.0,53.8,71.7,86.5,7.8,8.7,PASS
7.7,92.9,55.5,84.2,72.7,8.2,5.7,PASS
4.9,92.6,74.2,72.0,73.5,6.7,9.8,PASS
7.7,78.4,30.1,88.4,88.4,5.4,5.8,PASS
5.2,74.7,37.1,70.1,85.3,8.2,5.9,FAIL
3.3,74.9,60.8,68.3,79.5,5.4,7.3,FAIL
3.8,83.9,88.2,86.0,46.7,6.8,0.7,PASS
2.0,99.0,58.5,55.3,57.6,6.9,6.4,FAIL
3.2,80.7,66.5,100.0,52.9,7.9,5.9,PASS
4.3,64.3,82.0,75.6,78.9,6.2,9.0,PASS
6.6,90.4,96.6,75.7,70.6,6.1,7.9,PASS
8.4,91.8,56.3,77.9,47.1,7.1,3.7,PASS
2.2,87.8,64.7,98.2,65.2,8.3,8.5,PASS
5.8,89.2,92.3,81.9,45.6,10.0,5.5,PASS
2.9,73.9,42.2,45.9,67.2,5.0,4.2,FAIL
5.9,64.1,80.4,91.1,43.2,7.4,6.4,PASS
4.7,65.0,49.7,64.9,75.9,5.6,5.6,FAIL
1.3,53.5,66.5,71.6,73.7,8.3,9.1,FAIL
6.9,81.6,61.4,50.8,96.6,5.8,6.7,PASS
3.8,76.7,50.6,77.9,80.7,6.1,6.4,FAIL
3.9,71.4,50.3,60.2,61.7,6.2,7.8,FAIL
2.9,33.7,69.1,71.5,80.3,6.9,8.2,FAIL
3.7,59.3,79.9,65.7,47.0,7.4,7.6,FAIL
5.9,94.8,63.1,98.9,53.6,7.6,8.8,PASS
4.6,68.0,66.1,99.7,73.0,7.0,7.2,PASS
5.7,83.4,73.6,70.7,35.6,5.3,6.3,FAIL
5.7,57.1,50.4,71.0,67.4,7.9,8.5,FAIL
7.6,99.6,76.1,64.4,52.7,6.9,5.8,PASS
4.3,75.8,77.3,86.6,69.5,8.5,6.1,PASS
2.0,82.4,100.0,65.1,51.8,6.1,9.4,PASS
7.1,100.0,59.4,63.7,74.4,4.9,9.2,PASS
4.3,100.0,58.1,84.7,68.3,7.0,6.0,PASS
7.2,73.4,76.5,61.9,89.0,8.7,5.1,PASS
5.8,69.1,77.3,69.4,68.1,7.2,8.9,PASS
4.7,73.1,57.0,46.3,56.5,6.7,7.6,FAIL
5.7,85.6,59.0,80.6,64.3,5.9,6.6,PASS
8.9,76.4,73.1,99.1,47.8,9.3,5.4,PASS
9.2,72.1,52.6,80.8,74.1,5.7,6.7,PASS
5.1,100.0,58.8,91.9,76.8,6.1,6.0,PASS
5.3,76.3,66.3,57.3,100.0,7.7,4.7,PASS
7.2,100.0,79.9,73.5,58.7,4.6,6.3,PASS
3.3,79.4,55.9,55.9,64.0,8.7,6.5,FAIL
5.7,100.0,37.4,66.6,59.4,7.8,5.2,FAIL
4.9,83.4,36.3,81.6,71.2,8.2,7.8,PASS
5.6,92.4,46.1,71.5,73.7,7.7,8.6,PASS
3.3,67.1,45.3,48.8,67.2,6.8,7.9,FAIL
1.8,65.2,62.7,50.3,84.3,5.6,5.4,FAIL
0.9,84.9,47.2,49.3,58.7,6.8,7.5,FAIL
2.8,92.8,54.5,77.4,82.8,5.7,6.2,PASS
4.1,78.6,53.4,100.0,76.1,7.6,3.5,PASS
4.4,58.7,58.4,90.4,67.8,8.0,7.3,FAIL
8.9,57.6,84.8,41.6,63.3,8.9,6.3,PASS
7.2,56.6,74.9,91.3,100.0,7.5,10.0,PASS
3.1,51.5,65.2,84.0,55.7,8.2,8.9,FAIL
5.7,79.6,58.1,46.8,72.5,6.6,7.4,PASS
4.2,94.9,58.5,65.5,56.7,6.4,6.5,PASS
4.4,77.8,69.9,86.4,94.8,7.6,6.3,PASS
5.4,44.1,73.8,78.3,81.3,6.5,4.0,FAIL
6.2,75.1,51.4,50.4,57.8,7.3,2.5,FAIL
4.3,75.6,65.5,79.2,75.7,5.6,4.3,PASS
7.1,100.0,34.5,37.9,71.9,5.9,5.9,FAIL
2.7,56.1,68.2,66.7,60.3,7.8,1.8,FAIL
5.0,72.1,76.4,87.1,79.4,8.2,4.9,PASS
10.2,100.0,60.8,70.3,73.8,5.7,5.5,PASS
5.4,84.7,92.2,62.5,71.2,7.9,5.6,PASS
7.9,86.4,51.8,83.3,67.4,6.3,4.7,PASS
5.2,79.7,68.3,84.6,74.5,7.0,5.3,PASS
6.2,82.9,64.5,89.7,71.4,8.8,9.4,PASS
4.9,89.7,63.5,83.1,68.9,8.0,7.3,PASS
4.7,65.9,63.3,86.2,58.4,8.0,4.9,PASS
3.4,91.2,66.6,81.0,93.4,9.5,5.9,PASS
5.9,57.4,77.7,74.0,52.2,6.1,5.9,PASS
3.3,82.9,85.7,71.3,74.4,5.7,4.5,PASS
6.3,80.7,65.0,66.4,63.2,6.1,4.5,PASS
7.2,68.8,77.2,51.8,94.4,6.7,8.0,PASS
5.7,77.7,54.5,55.7,54.4,3.9,5.2,FAIL
4.4,68.7,76.5,65.8,57.0,6.7,3.8,FAIL
5.9,61.9,53.6,73.6,53.5,6.3,5.9,FAIL
4.4,72.7,81.4,91.6,72.9,8.0,6.2,PASS
6.9,61.4,98.2,69.4,47.4,7.5,2.1,PASS
1.3,82.8,63.2,85.1,60.8,6.2,5.9,FAIL
4.3,60.7,32.1,86.2,35.7,7.8,7.7,FAIL
1.0,88.7,56.8,66.5,71.6,7.9,6.9,FAIL
2.0,60.3,83.5,78.9,60.5,6.0,10.0,FAIL
7.7,69.5,73.3,66.3,45.7,6.4,8.5,PASS
6.8,68.6,68.7,89.8,84.3,4.1,8.9,PASS
3.6,97.9,80.1,79.5,48.4,5.6,10.0,PASS
2.0,83.0,72.3,52.1,80.0,6.0,7.5,FAIL
0.0,74.8,83.3,72.4,57.5,7.1,6.3,FAIL
3.9,85.5,78.8,94.7,92.0,5.8,7.9,PASS
9.8,46.4,87.8,67.3,79.2,6.3,4.9,PASS
5.9,77.4,70.4,76.7,52.9,5.4,6.2,PASS
3.9,100.0,78.6,78.2,54.2,7.2,4.7,PASS
5.9,80.0,60.4,54.5,77.1,7.6,6.8,PASS
1.9,79.0,56.0,77.7,64.1,7.5,4.7,FAIL
4.4,86.2,90.6,49.1,65.5,7.0,4.6,PASS
5.2,91.4,68.2,60.6,87.1,5.0,6.8,PASS
4.8,48.0,77.1,86.1,56.8,6.2,5.7,FAIL
6.6,52.8,66.9,75.4,69.4,6.5,2.1,PASS
5.7,81.2,56.2,65.4,82.3,6.5,3.1,PASS
6.3,67.3,65.2,76.7,80.1,7.1,3.7,PASS
3.6,97.7,86.5,69.1,65.6,8.9,4.2,PASS
6.8,73.3,73.3,70.2,63.7,8.1,6.8,PASS
8.3,49.0,39.3,79.9,41.9,5.7,6.4,FAIL
3.1,59.0,61.8,59.1,52.2,7.9,8.1,FAIL
3.2,36.8,91.7,70.6,72.8,7.8,7.5,FAIL
7.7,74.5,61.8,65.3,65.9,6.0,8.1,PASS
4.6,75.2,38.0,46.2,69.1,8.1,7.2,FAIL
7.8,71.6,93.4,56.2,83.6,6.8,6.4,PASS
4.1,94.2,75.2,93.5,50.2,5.2,8.2,PASS
7.9,96.0,63.9,75.8,64.5,7.6,7.8,PASS
5.3,75.4,59.4,50.1,70.8,7.3,6.8,PASS
5.5,46.0,81.2,46.9,57.4,6.7,8.5,FAIL
8.1,87.3,56.9,68.3,89.5,7.0,1.3,PASS
4.3,86.3,82.2,93.4,81.6,6.1,5.4,PASS
3.1,82.6,73.1,67.2,72.4,7.8,5.4,PASS
4.1,92.7,68.7,89.6,94.9,6.9,8.3,PASS
5.9,60.5,67.2,75.3,45.5,7.2,9.1,PASS
1.9,100.0,62.4,77.1,67.9,7.5,3.1,PASS
6.3,63.6,80.7,50.0,73.5,5.5,8.8,PASS
3.9,89.2,52.0,84.1,54.3,5.8,3.7,PASS
7.3,52.7,40.7,65.0,72.5,4.1,3.7,FAIL
0.2,64.0,74.2,82.9,51.4,7.7,5.5,FAIL
3.4,100.0,74.5,57.8,78.4,5.4,5.4,PASS
1.6,74.1,72.2,72.7,83.9,7.2,2.9,FAIL
3.3,90.6,71.1,75.3,72.1,7.5,7.3,PASS
5.5,81.6,60.2,67.7,40.2,7.8,7.4,FAIL
4.6,76.4,76.8,76.1,53.5,5.4,8.1,PASS
4.5,98.5,64.3,66.0,76.5,6.9,5.1,PASS
4.7,74.5,57.7,60.3,68.3,9.2,5.9,PASS
5.4,51.3,60.3,94.1,27.6,9.2,5.9,FAIL
3.0,66.0,95.3,85.7,86.6,8.3,9.4,PASS
6.4,86.3,39.0,58.6,70.0,7.4,0.3,FAIL
6.3,83.9,72.5,78.5,55.7,5.7,4.1,PASS
5.8,54.5,39.8,58.9,82.9,7.9,6.0,FAIL
6.1,67.1,63.4,52.2,57.8,6.8,3.8,FAIL
5.6,69.3,58.5,85.5,57.7,7.7,5.5,PASS
9.1,72.5,33.7,44.4,73.4,6.2,5.7,PASS
4.8,57.4,70.8,83.9,94.7,6.8,4.7,PASS
4.4,68.6,59.3,66.2,92.4,7.2,6.1,PASS
3.5,67.1,33.5,66.8,73.4,7.3,7.3,FAIL
2.9,89.6,77.6,76.1,74.9,7.6,5.5,PASS
2.5,90.1,86.5,78.7,79.9,6.2,5.1,PASS
3.2,75.8,87.4,57.6,49.1,5.3,5.7,FAIL
4.9,72.1,70.4,80.8,77.7,9.1,6.0,PASS
5.7,80.1,65.7,71.7,57.0,10.2,2.5,FAIL
5.1,65.8,84.9,51.2,72.8,7.6,6.9,PASS
3.5,60.8,90.2,67.5,64.6,5.3,5.1,FAIL
6.8,63.9,82.0,90.7,75.5,6.0,8.5,PASS
6.5,68.5,50.9,95.1,69.8,7.7,7.2,PASS
4.7,60.5,68.0,80.8,21.9,8.7,8.3,FAIL
3.7,80.4,71.6,52.1,70.7,5.4,4.0,FAIL
6.1,88.9,37.9,77.4,77.6,6.8,5.3,PASS
5.4,54.2,72.0,82.8,74.7,7.3,3.5,PASS
2.1,78.4,99.1,80.9,66.5,8.1,4.6,FAIL
4.9,74.7,74.6,81.8,92.6,6.6,8.5,PASS
5.5,83.1,87.1,75.4,72.7,5.0,9.0,PASS
3.2,77.8,67.7,68.9,74.6,7.8,3.7,PASS
5.4,56.2,63.9,60.9,83.7,8.5,5.1,FAIL
2.1,59.1,70.7,41.5,73.4,6.9,5.8,FAIL
7.7,78.4,52.8,75.1,54.5,7.5,7.2,PASS
7.5,93.4,50.5,72.8,31.4,6.4,2.5,PASS
4.5,44.8,84.0,78.4,60.8,5.9,2.8,FAIL
5.7,83.2,85.6,49.9,79.4,8.3,7.0,PASS
0.2,95.8,50.1,79.7,62.7,7.5,2.1,FAIL
2.7,75.7,79.5,100.0,80.0,7.6,5.1,PASS
4.4,86.3,63.7,71.2,70.2,9.0,6.3,PASS
2.9,67.5,70.1,69.1,87.3,5.6,6.8,FAIL
6.4,76.2,71.9,74.6,63.6,6.3,5.7,PASS
9.0,53.7,79.9,100.0,75.0,7.2,5.3,PASS
2.6,42.8,66.2,54.6,75.6,6.3,7.7,FAIL
3.3,92.1,86.2,73.0,90.5,8.0,6.6,PASS
5.5,63.2,69.6,58.0,42.4,6.8,4.7,FAIL
8.2,71.2,74.4,61.8,61.1,5.7,6.1,PASS
2.6,57.2,52.5,69.3,80.7,7.1,6.8,FAIL
5.5,56.9,97.4,90.2,91.2,7.2,9.4,PASS
8.6,75.4,72.0,97.0,71.6,8.2,7.6,PASS
1.7,67.1,75.7,76.7,63.6,7.5,8.4,FAIL
2.4,83.7,40.9,64.4,79.4,7.6,4.8,FAIL
4.2,84.8,52.7,100.0,81.0,7.4,5.0,PASS
4.0,82.8,83.6,63.6,62.6,6.8,5.5,PASS
6.6,81.6,69.3,61.4,73.0,6.1,5.7,PASS
5.5,100.0,36.3,43.4,85.7,7.4,4.0,FAIL
1.5,62.0,80.6,90.9,96.4,6.6,8.5,PASS
6.0,77.2,56.8,84.5,79.1,9.2,7.8,PASS
3.8,95.0,86.2,100.0,68.7,8.7,5.4,PASS
7.5,97.0,63.7,49.2,67.2,7.8,7.3,PASS
3.7,56.7,68.1,91.9,76.4,7.5,6.4,PASS
3.7,73.3,82.7,71.1,66.3,6.9,7.4,PASS
6.1,98.4,51.5,82.1,70.8,5.4,3.3,PASS
6.5,85.6,50.1,45.3,52.1,6.7,5.7,FAIL
5.9,80.9,62.1,92.0,87.5,7.1,5.9,PASS
1.6,74.7,77.4,81.8,50.9,7.3,7.2,PASS
6.1,72.2,45.0,69.4,61.5,7.6,4.7,FAIL
2.9,82.3,40.0,79.7,69.5,8.2,1.0,FAIL
5.5,74.2,77.4,58.5,97.9,6.1,3.8,PASS
2.2,77.4,56.0,61.3,61.7,6.1,5.9,FAIL
5.9,79.2,59.1,63.0,58.0,8.9,6.1,FAIL
3.4,67.8,37.1,42.2,59.7,8.0,9.4,FAIL
2.4,86.0,54.8,82.9,92.9,6.5,7.2,PASS
6.4,100.0,64.9,87.9,25.8,6.9,6.2,PASS
5.5,51.3,79.0,59.5,53.0,6.9,5.9,FAIL
3.8,82.9,53.4,75.2,100.0,7.0,8.2,PASS
7.9,66.6,89.9,66.0,76.9,7.6,4.8,PASS
4.1,86.7,54.7,74.9,51.4,10.3,5.7,FAIL
5.1,78.7,54.8,60.6,67.4,7.2,3.8,FAIL
5.5,89.4,88.1,56.7,69.0,7.9,8.8,PASS
3.8,95.6,68.2,85.8,80.7,4.8,6.8,PASS
5.9,80.9,56.7,69.0,95.6,6.4,4.6,PASS
3.9,95.0,62.7,100.0,73.8,8.6,5.8,PASS
4.2,42.8,85.3,70.7,59.9,7.5,7.0,FAIL
7.7,100.0,87.0,56.1,79.8,3.0,5.5,PASS
2.9,83.6,52.7,88.4,57.5,7.9,4.9,FAIL
0.2,94.2,64.4,79.5,52.5,9.5,4.7,FAIL
8.2,59.7,66.4,80.9,41.6,4.4,6.7,PASS
10.1,65.5,50.2,87.9,44.5,9.0,5.3,PASS
4.2,80.2,64.2,60.2,54.6,3.4,5.1,FAIL
1.1,77.7,65.1,68.1,50.3,8.2,3.3,FAIL
4.4,82.2,82.1,67.4,72.7,7.0,6.2,PASS
4.4,94.3,83.1,50.6,50.0,3.9,5.6,FAIL
4.6,51.5,60.1,66.0,20.8,7.6,5.4,FAIL
2.8,92.6,61.8,90.0,52.3,8.5,6.4,PASS
6.2,78.1,75.0,73.6,60.9,7.5,7.5,PASS
6.0,74.9,56.2,49.8,58.9,7.8,7.4,FAIL
2.0,55.9,73.8,46.7,90.8,6.5,7.1,FAIL
6.4,85.5,63.7,95.0,58.8,4.6,5.5,PASS
9.1,41.8,50.5,68.6,81.2,7.9,4.9,FAIL
5.3,87.7,50.6,60.3,67.7,9.3,3.9,FAIL
4.3,55.6,86.7,65.9,67.4,8.5,4.8,PASS
4.7,78.8,62.7,47.8,55.5,4.4,6.0,FAIL
6.2,76.2,89.6,91.3,67.1,5.0,4.4,PASS
1.5,95.5,57.3,64.1,56.5,5.9,6.2,FAIL
5.3,75.3,69.4,90.5,70.6,4.9,4.1,PASS
4.2,67.6,100.0,70.8,64.5,7.1,2.7,FAIL
8.7,70.4,49.1,91.4,53.8,7.5,7.6,FAIL
4.7,97.1,36.5,73.9,82.9,5.1,5.1,FAIL
8.3,86.0,84.3,82.8,74.4,8.0,4.3,PASS
2.8,72.2,52.6,80.8,61.3,7.8,3.8,FAIL
6.2,74.5,64.7,79.3,70.2,6.3,6.8,PASS
5.6,54.5,56.2,75.2,66.7,6.8,8.7,FAIL
3.3,83.8,69.0,66.5,55.0,4.5,5.2,FAIL
5.4,51.6,50.7,98.7,69.1,6.6,5.6,FAIL
7.4,89.3,62.3,56.4,58.7,7.0,8.1,PASS
4.4,79.9,71.7,70.1,53.8,7.2,2.4,PASS
1.6,100.0,49.9,70.2,43.7,7.5,9.9,FAIL
5.0,61.5,54.5,76.0,62.6,7.3,10.0,PASS
3.2,76.5,59.8,63.6,76.5,6.7,0.6,FAIL
4.3,100.0,43.6,74.7,57.6,7.4,5.8,FAIL
4.8,95.9,58.7,67.5,100.0,8.3,4.6,PASS
1.6,67.6,66.8,46.3,81.3,6.9,5.5,FAIL
1.8,81.4,59.0,70.1,87.6,7.4,5.2,FAIL
6.0,78.0,60.9,53.5,79.9,6.8,7.6,PASS
4.0,82.2,64.7,44.0,95.8,6.2,5.8,PASS
0.0,67.5,55.2,72.1,56.2,7.7,4.2,FAIL
6.6,76.7,75.4,77.3,29.6,6.3,5.7,PASS
5.5,54.0,86.5,77.9,61.3,7.5,7.0,PASS
3.6,80.0,58.0,78.5,76.4,7.0,3.6,PASS
2.4,84.8,72.3,41.0,70.3,6.6,2.7,FAIL
6.7,74.6,61.4,49.6,72.1,6.6,10.0,PASS
5.7,53.8,70.5,99.6,87.8,6.3,4.7,PASS
9.8,92.8,88.5,54.3,73.7,4.9,5.7,PASS
5.8,83.5,72.6,79.2,80.0,7.5,5.2,PASS
5.8,67.1,38.4,59.7,53.9,7.3,7.1,FAIL
4.7,73.8,71.8,71.2,51.6,8.1,9.5,PASS
6.6,55.5,83.5,60.5,92.2,6.3,7.2,PASS
6.3,62.6,61.7,78.4,69.5,9.5,3.0,PASS
7.5,69.9,79.9,72.1,58.7,6.5,3.2,PASS
4.0,96.4,54.6,63.3,58.7,5.9,5.2,FAIL
4.1,68.4,42.7,54.2,58.3,5.7,5.5,FAIL
4.0,87.6,67.1,74.0,57.4,4.7,2.6,FAIL
6.6,69.9,38.7,51.8,48.8,9.0,7.6,FAIL
8.0,81.7,61.4,76.4,45.5,8.8,3.8,PASS
4.1,75.9,84.3,100.0,65.1,7.8,9.0,PASS
4.2,91.1,36.4,90.3,59.1,5.8,9.6,FAIL
5.6,70.0,45.8,80.8,84.6,9.4,5.5,PASS
4.5,54.4,49.5,68.7,72.4,6.5,6.9,FAIL
6.9,57.3,64.1,40.9,72.0,6.7,3.5,FAIL
0.5,70.0,59.5,50.2,56.9,8.9,7.2,FAIL
3.3,59.3,86.0,89.2,66.2,7.9,5.0,PASS
3.4,84.2,79.3,58.2,73.4,9.9,3.8,PASS
0.4,71.0,72.4,59.5,78.7,7.3,5.4,FAIL
3.1,100.0,67.2,67.5,66.6,6.5,5.1,PASS
3.2,51.9,70.9,54.1,84.2,6.2,5.3,FAIL
4.6,81.1,52.1,51.6,68.1,4.6,7.9,FAIL
7.2,61.1,77.9,69.2,79.9,6.6,4.4,PASS
4.5,70.6,48.3,56.6,60.7,8.5,9.5,FAIL
2.9,80.1,77.5,58.9,40.8,7.8,3.3,FAIL
4.9,43.1,82.8,58.3,72.0,7.0,9.2,FAIL
7.1,81.6,68.2,77.8,78.9,5.7,4.0,PASS
3.0,100.0,62.4,66.5,76.6,7.3,6.0,PASS
3.2,71.2,71.0,67.3,74.3,8.3,5.0,PASS
6.1,81.9,22.1,79.0,62.8,7.6,5.3,FAIL
4.6,93.4,69.5,67.9,55.9,7.2,7.6,PASS
6.3,75.5,63.3,65.8,76.3,6.0,9.0,PASS
5.0,69.3,64.2,77.1,74.4,8.1,8.4,PASS
6.4,43.9,75.6,80.0,59.6,3.0,5.2,FAIL
2.9,87.6,63.9,67.8,84.6,7.5,6.4,PASS
5.0,76.3,47.9,71.2,54.8,10.3,4.4,FAIL
4.6,62.8,62.9,58.3,59.2,5.0,4.0,FAIL
2.6,79.9,66.0,57.1,92.5,6.7,3.7,FAIL
1.9,69.2,66.7,81.5,81.0,7.0,5.1,PASS
6.4,70.1,67.4,76.7,62.6,6.4,6.5,PASS
4.3,87.1,80.6,76.8,72.3,8.3,2.2,PASS
3.0,57.9,48.7,74.2,70.3,7.6,5.9,FAIL
4.8,93.7,67.6,70.7,26.8,7.2,9.0,FAIL
7.3,57.0,84.3,80.4,54.4,8.0,8.2,PASS
0.4,68.1,39.0,84.0,67.2,7.0,4.8,FAIL
2.0,100.0,67.7,83.7,62.7,11.0,3.2,FAIL
3.2,94.9,56.2,68.5,71.7,7.2,6.9,PASS
7.9,79.5,59.4,90.8,84.9,7.3,1.4,PASS
5.6,63.9,51.4,73.4,63.2,4.8,8.2,FAIL
6.5,70.1,62.5,79.5,52.1,6.3,5.6,PASS
2.7,79.1,92.6,74.2,72.9,8.5,9.7,PASS
2.8,78.6,46.0,73.7,63.1,5.3,2.5,FAIL
5.9,76.6,47.5,59.0,65.7,4.2,7.8,FAIL
5.1,77.5,45.5,80.5,63.6,7.0,5.8,FAIL
6.1,74.8,90.9,100.0,100.0,8.8,5.3,PASS
4.6,56.4,58.1,64.4,34.4,7.1,3.3,FAIL
5.6,70.3,64.6,71.1,62.2,6.6,7.2,PASS
5.3,91.7,59.0,63.3,67.9,4.6,7.4,FAIL
6.6,57.5,50.8,62.7,56.3,7.6,9.6,PASS
6.6,75.2,61.5,93.2,81.5,7.9,8.0,PASS
1.8,65.7,100.0,59.9,80.2,4.7,4.8,FAIL
0.5,79.7,85.9,62.9,67.3,8.5,4.0,FAIL
7.0,72.2,52.2,46.2,63.9,8.0,3.3,FAIL
7.4,100.0,74.7,58.6,66.3,8.5,8.9,PASS
3.0,85.6,52.5,44.4,66.4,7.8,4.4,FAIL
1.3,58.3,38.4,79.5,66.8,7.8,9.0,FAIL
5.2,88.1,80.3,100.0,65.2,7.7,7.1,PASS
6.9,66.4,82.4,64.5,71.8,8.1,6.7,PASS
8.6,69.3,80.7,45.0,79.3,4.6,5.4,PASS
6.0,82.7,58.0,83.5,49.5,5.0,7.3,PASS
4.3,70.6,62.5,59.1,52.2,6.0,6.0,FAIL
3.2,91.4,76.2,89.5,41.8,6.8,5.3,PASS
5.0,66.4,70.9,65.8,81.0,7.5,7.4,PASS
4.4,68.7,59.1,60.5,71.8,7.4,5.7,FAIL
3.0,68.2,40.7,67.3,75.6,8.5,4.4,FAIL
9.1,69.5,66.7,81.4,46.6,8.5,7.2,PASS
8.6,94.5,81.2,66.6,94.8,5.9,5.9,PASS
7.3,87.4,47.0,62.5,58.9,7.3,7.0,PASS
3.2,100.0,74.6,67.0,70.5,5.9,5.1,PASS
6.7,100.0,70.0,50.9,80.8,6.8,3.6,PASS
6.3,62.5,76.3,76.0,53.2,7.4,9.5,PASS
5.9,79.1,78.1,43.2,59.8,3.0,9.1,FAIL
7.5,60.4,54.6,63.3,70.7,10.1,7.8,FAIL
6.3,66.3,40.7,81.4,100.0,7.7,5.2,PASS
6.5,68.5,57.0,74.5,72.5,6.2,5.4,PASS
6.3,62.1,78.3,78.9,92.1,9.5,8.8,PASS
5.7,62.2,56.9,69.0,86.1,6.5,5.3,PASS
1.4,75.8,54.6,87.5,73.5,7.2,4.7,FAIL
5.2,59.7,37.7,83.9,53.2,6.4,9.7,FAIL
3.9,90.6,91.3,76.7,83.9,9.1,5.9,PASS
2.4,64.2,77.4,83.9,45.5,6.9,9.5,FAIL
8.4,100.0,76.5,81.3,92.0,7.2,3.2,PASS
8.5,71.2,79.5,63.4,71.0,8.6,7.0,PASS
7.7,79.1,73.7,49.8,28.2,7.8,10.0,PASS
5.5,58.6,61.3,76.3,62.9,6.9,6.1,FAIL
7.7,100.0,62.5,78.2,77.8,8.4,5.5,PASS
5.0,94.8,58.6,86.4,64.4,10.3,3.7,PASS
5.4,82.5,100.0,56.0,78.7,7.4,8.2,PASS
2.8,57.8,73.3,56.4,55.2,7.2,4.5,FAIL
5.8,81.2,58.0,76.9,48.4,7.2,5.8,FAIL
5.1,61.2,72.0,68.9,66.9,8.7,3.5,FAIL
2.4,99.9,49.8,41.7,68.5,6.2,9.1,FAIL
4.9,90.1,87.6,75.6,62.8,6.6,8.3,PASS
4.8,79.4,55.1,42.2,86.4,5.0,5.9,FAIL
8.6,41.5,72.5,55.8,55.2,5.5,3.7,FAIL
6.8,63.2,81.0,90.3,72.7,6.3,9.1,PASS
5.0,88.3,70.8,97.4,69.0,6.9,5.3,PASS
5.5,96.2,66.4,51.8,44.6,9.3,3.8,PASS
5.1,94.6,65.2,65.1,48.2,7.7,2.5,PASS
4.6,54.1,64.2,70.6,68.2,5.8,4.7,FAIL
2.8,82.5,56.3,96.7,97.7,6.1,3.1,PASS
4.7,93.2,58.3,62.6,76.7,8.8,4.8,PASS
3.5,53.1,87.2,62.8,42.1,8.5,7.5,FAIL
2.5,77.9,63.4,93.2,21.3,7.0,5.2,FAIL
6.0,82.1,53.2,64.4,79.0,6.4,6.7,PASS
5.8,73.5,57.3,80.8,66.6,8.5,4.6,PASS
1.4,50.2,81.5,47.8,85.1,5.7,6.1,FAIL
4.8,73.1,75.1,67.4,54.8,7.5,9.8,PASS
7.0,73.1,73.4,45.1,73.3,10.0,5.3,FAIL
7.1,75.8,61.1,54.2,80.7,7.3,6.8,PASS
7.1,69.5,73.6,82.6,61.3,6.0,2.9,PASS
5.1,71.4,55.3,69.3,61.6,7.5,9.0,FAIL
3.3,77.4,61.1,65.2,68.4,6.4,5.0,FAIL
2.8,84.6,79.5,58.8,76.1,5.2,8.1,PASS
5.7,73.4,78.1,66.7,67.8,7.9,5.8,PASS
5.8,71.9,50.3,74.5,82.6,8.5,7.2,FAIL
7.6,79.4,52.2,84.7,61.1,6.6,7.3,PASS
7.2,49.2,66.6,30.6,48.1,6.5,5.1,FAIL
4.7,85.2,90.9,57.5,97.7,5.7,8.2,PASS
2.5,78.0,36.3,72.4,58.9,6.8,4.5,FAIL
4.4,78.6,69.2,68.5,59.5,6.3,7.6,PASS
5.4,92.4,44.4,76.1,67.0,5.7,5.2,PASS
4.6,48.7,55.5,74.0,69.0,9.5,6.7,FAIL
3.8,48.4,59.5,65.4,62.2,7.6,5.1,FAIL
5.5,82.1,58.7,62.1,67.7,7.7,6.1,FAIL
4.0,77.9,57.0,66.3,67.4,8.1,3.9,FAIL
3.7,80.6,65.1,87.2,70.6,8.0,6.5,PASS
5.6,71.1,57.0,59.0,32.6,6.5,6.1,FAIL
4.2,88.0,43.1,69.1,96.2,7.4,4.9,PASS
5.5,92.0,76.7,72.8,65.8,6.7,5.9,PASS
5.5,85.3,76.3,93.4,76.7,7.6,6.3,PASS
2.7,74.1,77.6,65.5,47.3,7.4,4.8,PASS
4.0,46.4,41.9,84.4,60.9,6.5,5.7,FAIL
7.9,89.5,69.5,88.5,57.9,5.3,4.0,PASS
2.7,96.3,75.1,69.0,90.0,7.2,10.0,PASS
0.8,87.7,49.5,66.8,59.2,6.7,8.1,FAIL
1.3,64.8,65.1,65.1,79.4,4.5,6.5,FAIL
5.1,88.1,63.3,66.2,58.2,7.7,8.3,PASS
5.1,90.9,92.6,82.8,61.2,8.3,2.0,PASS
4.8,100.0,93.9,73.5,64.3,10.3,0.9,PASS
7.4,64.9,40.0,73.5,87.3,6.5,5.2,PASS
0.0,74.6,100.0,53.1,39.7,6.3,3.2,FAIL
5.8,89.2,51.3,55.5,48.3,5.6,5.5,PASS
8.1,78.9,79.7,100.0,38.8,7.3,6.4,PASS
2.7,61.2,79.6,67.3,51.7,7.3,7.8,FAIL
4.2,84.2,50.1,58.4,55.8,5.9,3.7,FAIL
3.5,86.7,72.4,91.5,43.8,6.8,6.8,PASS
3.2,79.3,63.4,74.2,57.0,4.4,6.0,FAIL
4.3,81.3,73.3,78.7,37.8,8.2,6.7,FAIL
7.9,74.1,68.5,67.9,52.7,6.0,5.0,PASS
8.7,100.0,82.9,65.2,86.0,7.0,8.8,PASS
4.3,64.5,66.1,67.5,74.1,5.1,5.8,FAIL
8.8,69.2,62.5,49.3,70.8,6.2,9.5,PASS
5.1,78.2,81.4,68.7,53.0,6.6,4.4,FAIL
8.5,91.2,73.7,74.4,45.0,7.0,7.5,PASS
4.8,55.5,76.0,97.8,50.9,7.6,5.9,PASS
5.3,58.3,55.0,71.3,67.4,8.9,5.3,FAIL
5.7,47.4,49.3,35.0,81.0,8.0,7.3,FAIL
11.4,78.5,56.5,68.6,81.5,8.3,5.4,PASS
6.7,61.2,55.7,100.0,77.5,8.9,0.7,PASS
3.6,72.2,76.8,83.0,56.9,7.7,0.0,FAIL
6.9,87.9,79.6,57.8,68.4,7.0,8.5,PASS
4.3,68.4,62.7,78.9,63.2,8.3,8.5,PASS
4.0,81.5,86.5,58.9,65.0,8.4,9.8,PASS
6.8,73.5,85.5,49.7,98.6,7.8,6.0,PASS
5.1,88.1,68.7,64.8,41.6,5.1,3.4,FAIL
5.6,85.1,52.7,71.4,64.5,5.9,5.2,FAIL
5.0,67.6,88.6,41.9,86.2,6.6,6.0,PASS
5.7,75.5,64.1,52.8,46.0,8.0,4.0,FAIL
5.8,93.7,66.9,70.2,58.3,7.0,9.3,PASS
1.1,83.9,59.9,63.9,60.1,8.5,10.0,FAIL
6.3,57.0,51.7,75.9,64.7,8.7,7.0,PASS
3.0,87.8,43.0,51.8,44.1,8.6,6.0,FAIL
2.1,61.7,74.5,80.7,76.9,8.6,3.4,FAIL
4.9,99.2,53.2,52.2,78.0,5.7,9.1,PASS
5.2,93.4,100.0,94.6,75.6,7.6,6.2,PASS
3.6,82.3,48.7,44.3,54.9,6.2,5.4,FAIL
6.7,80.4,46.1,53.6,69.3,4.9,7.0,FAIL
2.3,74.9,72.7,76.3,54.5,6.6,4.8,FAIL
4.2,88.2,87.9,95.0,63.0,8.7,6.3,PASS
3.8,72.4,66.0,74.7,100.0,7.6,3.1,PASS
4.9,81.5,73.6,78.4,69.4,9.6,8.2,PASS
5.6,91.1,37.3,70.3,50.2,7.2,5.8,PASS
3.0,69.6,54.8,54.6,70.7,10.2,8.3,FAIL
6.4,68.8,48.9,62.6,47.7,7.2,5.6,FAIL
5.1,60.1,36.6,51.8,50.0,7.0,5.7,FAIL
1.2,62.0,66.8,50.8,52.4,5.3,3.6,FAIL
1.1,50.6,31.4,76.0,61.3,8.4,7.5,FAIL
5.0,88.9,45.2,53.2,82.1,6.3,4.2,FAIL
4.6,100.0,56.9,74.8,76.7,6.2,5.0,PASS
4.8,99.4,52.5,50.5,75.8,8.7,6.0,FAIL
4.9,53.6,70.9,74.4,51.5,8.5,6.2,FAIL
5.5,88.9,69.6,62.7,59.9,8.5,2.6,PASS
6.9,99.3,78.4,91.1,72.1,6.5,5.5,PASS
2.8,71.1,76.3,74.9,58.6,6.9,7.6,FAIL
2.7,79.5,82.1,88.5,63.8,6.9,5.2,PASS
2.8,47.9,65.0,58.7,74.6,8.0,5.6,FAIL
5.6,82.0,69.6,70.8,62.8,9.0,6.3,PASS
7.5,62.0,72.7,55.3,71.4,7.5,5.7,PASS
4.1,81.0,67.1,63.8,91.9,9.6,3.9,FAIL
0.0,54.6,59.0,66.1,65.4,8.2,5.9,FAIL
1.6,86.1,60.0,59.1,85.7,6.7,8.0,FAIL
3.3,93.4,52.7,51.8,76.4,8.1,3.9,FAIL
3.9,66.3,71.3,48.8,46.0,9.2,5.3,FAIL
4.2,60.9,63.6,34.9,51.5,9.6,3.2,FAIL
5.1,45.7,55.1,54.2,55.5,8.5,7.9,FAIL
4.4,74.0,55.1,79.4,55.2,7.0,5.8,PASS
7.1,69.3,46.8,46.0,66.6,6.7,4.3,FAIL
3.6,54.7,79.7,49.5,77.2,7.7,6.2,FAIL
3.3,84.8,66.2,96.9,86.8,9.2,3.6,PASS
6.0,71.3,52.1,60.5,72.6,7.6,3.9,FAIL
1.9,61.9,77.1,74.8,61.3,7.6,3.1,PASS
5.8,69.7,56.6,79.6,36.8,7.1,3.9,FAIL
5.2,94.1,43.9,79.9,69.1,6.6,8.7,PASS
4.7,87.0,80.3,47.2,68.4,6.8,4.5,PASS
8.2,76.0,56.9,66.5,70.7,7.2,6.9,PASS
3.8,87.3,58.9,45.7,99.6,9.2,4.3,FAIL
9.1,60.6,65.6,100.0,86.6,6.7,7.5,PASS
4.5,78.5,82.1,46.1,79.8,7.1,3.9,PASS
2.4,80.2,65.3,54.3,53.6,5.9,6.1,FAIL
5.1,71.0,47.0,54.4,60.3,7.9,6.1,FAIL
2.8,84.5,73.2,47.6,66.6,8.8,10.0,FAIL
3.5,66.3,57.7,90.3,56.4,9.1,7.3,FAIL
5.8,85.6,93.3,100.0,75.5,7.3,4.8,PASS
6.1,86.3,65.0,62.9,73.4,7.7,7.4,PASS
3.8,34.2,31.5,50.2,51.7,6.8,10.0,FAIL
7.0,95.9,70.4,36.4,86.0,7.7,2.7,PASS
7.3,32.3,94.2,66.3,69.5,7.4,4.3,PASS
7.9,68.8,88.6,65.3,42.1,7.1,5.5,PASS
6.1,93.4,92.5,60.2,67.2,7.2,5.2,PASS
7.7,73.2,49.7,73.3,72.2,7.6,5.3,PASS
1.2,56.0,78.7,75.9,82.6,6.6,3.4,PASS
4.4,61.6,54.2,74.8,62.9,6.7,8.8,FAIL
3.3,93.4,68.4,65.3,80.4,9.2,3.2,PASS
5.2,49.2,45.9,53.5,70.8,10.5,5.6,FAIL
3.9,94.9,55.3,80.0,48.3,5.4,8.1,FAIL
4.7,77.2,54.9,70.2,46.8,5.4,5.9,FAIL
8.8,60.1,78.5,83.3,84.8,5.8,4.0,PASS
4.7,69.3,77.0,81.9,85.9,6.9,3.3,PASS
5.8,62.7,69.2,48.7,72.8,8.2,5.5,FAIL
4.5,91.0,44.7,48.5,90.4,7.8,4.5,FAIL
5.2,89.0,60.3,58.7,83.8,7.2,6.4,PASS
5.0,52.2,53.8,54.2,78.3,7.7,3.2,FAIL
5.9,71.9,78.0,81.3,54.3,6.1,7.6,PASS
7.3,65.1,82.7,75.3,94.0,6.7,6.2,PASS
8.3,97.4,80.8,86.5,76.0,7.0,6.4,PASS
5.6,57.7,53.7,75.9,62.2,4.9,8.9,FAIL
6.2,100.0,23.9,73.1,58.0,5.5,5.1,FAIL
2.7,77.5,38.5,88.0,71.9,5.5,4.5,FAIL
4.8,60.6,86.3,77.0,42.9,8.0,4.9,PASS
6.9,67.8,59.0,71.0,78.5,7.3,5.6,PASS
6.7,66.0,53.7,92.2,53.7,7.8,5.8,PASS
5.4,58.9,89.6,71.7,73.6,4.6,4.3,PASS
6.8,79.4,84.0,65.4,60.2,5.1,2.0,PASS
6.0,59.6,65.4,57.4,64.0,7.9,4.9,FAIL
7.4,45.3,60.6,80.5,56.6,3.4,6.7,FAIL
5.6,72.3,63.0,88.6,65.6,8.6,6.3,PASS
4.3,51.0,68.4,69.2,96.3,4.6,8.4,FAIL
5.7,66.7,89.0,89.6,88.8,8.1,9.9,PASS
0.0,64.4,71.3,40.4,73.3,5.8,7.5,FAIL
5.8,64.9,75.9,69.2,67.6,8.4,8.8,PASS
0.0,100.0,82.5,69.4,80.7,11.0,7.5,PASS
1.6,78.8,47.5,59.1,84.9,4.0,9.4,FAIL
5.9,81.7,76.3,100.0,55.6,7.9,9.7,PASS
6.0,51.4,60.6,69.0,66.8,4.6,7.9,FAIL
2.7,68.2,27.3,63.9,40.7,7.6,7.4,FAIL
3.6,81.2,33.1,70.4,84.8,6.7,5.6,FAIL
7.7,62.6,49.7,40.0,99.0,7.2,5.9,FAIL
4.0,91.6,73.0,58.6,69.2,5.8,5.3,PASS
9.5,60.0,66.7,84.7,36.1,8.0,7.2,PASS
5.0,73.7,67.8,60.6,77.1,5.1,4.6,PASS
5.8,69.2,94.3,57.6,54.4,8.6,5.6,PASS
8.2,80.5,46.0,89.6,58.0,6.5,1.3,FAIL
5.3,68.4,64.6,90.1,77.4,5.2,9.4,PASS
3.0,73.9,69.6,77.8,71.8,9.1,5.6,PASS
4.8,74.5,54.0,63.2,60.7,6.9,6.9,FAIL
4.9,67.0,65.4,66.4,58.3,9.5,8.9,PASS
2.3,85.3,41.0,57.9,69.9,8.6,6.6,FAIL
4.5,81.6,86.1,55.1,61.9,6.0,8.9,PASS
3.5,76.7,54.8,54.3,51.4,6.9,3.5,FAIL
6.8,71.5,95.5,60.7,63.0,7.2,10.0,PASS
5.1,89.9,64.5,54.5,73.1,9.0,8.2,PASS
4.4,74.5,80.4,46.5,65.3,7.6,6.4,PASS
4.8,73.4,64.2,73.3,46.8,7.2,8.9,PASS
5.4,79.6,64.5,73.5,82.8,6.7,3.7,PASS
6.2,100.0,56.2,95.5,26.9,6.9,5.4,PASS
3.0,57.9,66.8,60.0,61.3,8.7,8.9,FAIL
2.9,89.5,69.8,74.4,58.7,7.0,2.3,FAIL
7.2,49.6,53.2,74.7,70.2,6.5,7.1,PASS
4.2,81.3,63.1,66.2,76.4,6.3,7.1,PASS
2.2,100.0,55.8,81.2,84.9,6.3,9.9,PASS
5.9,85.3,99.5,81.6,57.3,5.2,2.8,PASS
5.9,80.6,63.7,74.9,76.8,6.0,9.2,PASS
1.9,69.6,88.2,66.2,70.9,8.9,4.9,FAIL
5.5,78.5,62.1,64.6,42.3,6.7,5.1,FAIL
6.5,74.2,68.9,49.5,96.5,7.9,3.6,PASS
5.7,66.2,45.2,57.9,46.4,3.8,3.8,FAIL
6.3,73.7,58.3,60.7,74.3,7.7,6.8,PASS
2.2,81.0,68.2,53.1,73.8,6.8,3.8,FAIL
5.7,66.5,88.8,76.6,72.1,6.4,7.5,PASS
4.4,65.9,68.3,87.9,60.6,7.2,4.7,PASS
4.0,57.6,85.8,56.4,80.4,6.4,3.6,FAIL
6.7,83.9,74.6,74.3,44.6,4.2,4.9,PASS
8.0,86.2,89.4,54.5,67.0,8.2,6.7,PASS
8.6,81.5,64.1,65.4,59.5,7.3,5.4,PASS
7.6,92.5,100.0,59.6,57.8,6.6,6.1,PASS
4.8,79.3,57.7,79.0,74.4,5.7,7.4,PASS
5.7,83.9,53.5,59.8,84.2,5.1,8.2,PASS
6.5,82.6,46.8,85.2,62.9,7.3,5.4,PASS
5.2,76.6,100.0,66.3,79.7,9.1,3.9,PASS
5.3,70.0,77.3,60.3,68.7,7.3,6.2,PASS
6.6,100.0,60.0,51.2,54.6,5.2,6.9,PASS
